,background,hair,face,l_brow,r_brow,l_eye,r_eye,nose,mouth
sans,86.90526315789472,83.83947368421052,86.52631578947368,17.797368421052635,33.50000000000001,56.87894736842105,63.39736842105264,52.07894736842105,74.39210526315789
avec,87.43947368421051,85.60263157894737,86.77105263157894,43.126315789473686,40.89473684210527,62.22894736842107,63.6184210526316,60.31052631578946,74.96315789473684
