,background,hair,face,l_brow,r_brow,l_eye,r_eye,nose,mouth
sans,83.48947368421052,74.3315789473684,94.63947368421053,5.531578947368421,9.018421052631577,64.82894736842105,65.39736842105262,10.055263157894737,71.96578947368423
avec,83.48947368421052,92.4921052631579,95.56578947368422,40.31052631578947,36.10263157894736,65.48947368421052,66.78421052631577,62.35263157894738,78.17105263157896
