,background,hair,face,l_brow,r_brow,l_eye,r_eye,nose,mouth
sans,81.94736842105262,82.48684210526315,89.62631578947368,22.402631578947368,34.344736842105256,58.83157894736843,67.59473684210525,58.142105263157895,72.53421052631583
avec,82.19210526315788,84.10526315789474,89.39473684210527,43.76052631578948,47.34473684210526,69.0184210526316,71.6736842105263,58.142105263157895,76.09210526315789
