,background,hair,face,l_brow,r_brow,l_eye,r_eye,nose,mouth
sans,83.5,77.88157894736844,93.68684210526314,6.434210526315794,4.321052631578947,8.23421052631579,71.59210526315792,60.23157894736842,62.513157894736835
avec,83.5,93.0342105263158,94.86842105263158,43.88684210526316,50.515789473684215,72.36052631578947,74.99736842105263,60.23157894736842,77.37368421052633
