,background,hair,face,l_brow,r_brow,l_eye,r_eye,nose,mouth
sans,87.42500000000001,76.84,96.335,56.470000000000006,30.315000000000012,23.055,20.305000000000003,34.044999999999995,58.69999999999999
avec,87.42500000000001,93.405,96.29999999999998,63.52000000000002,49.39,74.43,59.66,61.135000000000005,76.365
