,background,hair,face,l_brow,r_brow,l_eye,r_eye,nose,mouth
sans,87.18,84.04,89.57000000000001,45.345000000000006,44.96499999999999,71.295,53.23,52.23999999999999,72.115
avec,89.09,87.30000000000003,89.92500000000001,56.745,51.125,72.235,62.11000000000001,56.825,73.72
