,background,hair,face,l_brow,r_brow,l_eye,r_eye,nose,mouth
sans,86.98684210526315,84.68157894736844,89.65526315789471,45.76052631578947,50.41842105263158,64.61842105263155,68.51052631578948,64.23947368421052,75.27105263157894
avec,87.14473684210523,86.0421052631579,90.13947368421053,53.528947368421036,55.92105263157893,66.86052631578947,68.89999999999999,64.42631578947369,75.53947368421052
