,background,hair,face,l_brow,r_brow,l_eye,r_eye,nose,mouth
sans,83.13947368421051,77.4157894736842,95.84736842105264,45.3657894736842,48.960526315789465,66.9842105263158,62.168421052631565,61.10789473684211,73.16052631578947
avec,83.13947368421051,91.63421052631578,95.84736842105264,56.21052631578946,66.5763157894737,70.1157894736842,71.55526315789473,67.24473684210528,78.08421052631579
