,background,hair,face,l_brow,r_brow,l_eye,r_eye,nose,mouth
sans,84.51,83.58,56.80000000000001,2.4066666666666667,28.07333333333333,61.71333333333334,25.580000000000002,57.703333333333326,69.98666666666668
avec,83.79333333333335,86.35666666666668,60.96666666666666,2.7333333333333334,30.57333333333333,65.65333333333335,26.48,55.059999999999995,71.35333333333331
