,background,hair,face,l_brow,r_brow,l_eye,r_eye,nose,mouth
sans,81.18333333333334,80.08,90.44999999999999,1.7300000000000002,33.73,68.44666666666669,12.783333333333331,55.13666666666667,66.92666666666668
avec,78.05,90.11666666666665,82.75333333333332,2.8533333333333335,34.82333333333332,65.88000000000001,27.439999999999998,59.266666666666666,70.06333333333335
