,background,hair,face,l_brow,r_brow,l_eye,r_eye,nose,mouth
sans,86.39230769230767,82.5871794871795,88.8,56.01794871794871,54.179487179487175,75.17179487179486,72.97692307692306,62.72820512820512,74.47435897435899
avec,86.50512820512822,83.2666666666667,89.00512820512822,60.212820512820514,56.85897435897436,74.9230769230769,73.10256410256412,62.70256410256409,74.50769230769232
