,background,hair,face,l_brow,r_brow,l_eye,r_eye,nose,mouth
sans,83.57179487179488,74.91538461538462,94.98717948717947,57.04358974358973,55.01025641025641,77.07179487179486,76.16153846153846,66.12307692307692,73.28717948717946
avec,83.57179487179488,76.05641025641026,94.98717948717947,64.7102564102564,66.52051282051282,76.55641025641025,76.26923076923077,66.04102564102564,74.95384615384613
