,background,hair,face,l_brow,r_brow,l_eye,r_eye,nose,mouth
sans,85.26249999999999,83.41750000000002,89.61,56.470000000000006,58.56500000000001,74.70000000000003,69.32749999999997,65.40250000000002,77.17500000000001
avec,85.14499999999998,84.6475,89.71499999999999,58.08500000000001,59.50500000000001,75.36000000000004,69.62749999999998,65.40250000000002,77.14999999999999
