,background,hair,face,l_brow,r_brow,l_eye,r_eye,nose,mouth
sans,83.9825,74.5725,95.09000000000003,53.23749999999999,61.362500000000004,74.4975,73.56250000000001,68.9775,76.15249999999999
avec,84.17,80.65250000000002,95.06500000000003,64.2375,67.17000000000002,79.0325,73.70500000000001,68.9775,77.49249999999999
