,background,hair,face,l_brow,r_brow,l_eye,r_eye,nose,mouth
sans,84.64,82.13600000000001,82.55600000000001,12.463999999999999,2.328,66.032,61.592000000000006,57.248000000000005,71.748
avec,84.944,86.628,85.744,27.1,11.323999999999998,68.852,66.224,58.104000000000006,73.408
