,background,hair,face,l_brow,r_brow,l_eye,r_eye,nose,mouth
sans,85.88800000000002,74.74000000000002,93.61199999999997,2.1879999999999997,2.5879999999999996,51.748000000000005,6.719999999999999,20.312,74.82799999999996
avec,85.88800000000002,91.79200000000002,94.29599999999999,25.944000000000003,12.504,72.448,68.57600000000002,59.93199999999998,76.61199999999997
