,background,hair,face,l_brow,r_brow,l_eye,r_eye,nose,mouth
sans,87.26176470588236,80.05,96.26470588235294,8.09705882352941,29.33235294117647,4.661764705882354,7.255882352941178,50.13823529411765,74.33823529411767
avec,87.26176470588236,90.72058823529412,96.14411764705882,57.911764705882355,61.79705882352941,49.61764705882354,72.40882352941173,67.32941176470588,76.47941176470587
