,background,hair,face,l_brow,r_brow,l_eye,r_eye,nose,mouth
sans,84.5794117647059,84.30000000000001,88.7794117647059,45.55294117647058,34.364705882352936,34.935294117647054,67.07058823529411,63.60294117647059,74.19705882352943
avec,84.4470588235294,85.6323529411765,88.90294117647059,46.949999999999996,45.11470588235294,51.93529411764707,68.68529411764706,63.9705882352941,74.24705882352943
