,background,hair,face,l_brow,r_brow,l_eye,r_eye,nose,mouth
sans,83.9825,82.83,95.92500000000001,54.9375,63.022499999999994,71.23,74.48750000000001,64.82249999999998,77.8175
avec,83.9825,91.5975,95.92500000000001,68.4225,68.5125,77.83250000000001,74.80250000000001,66.02249999999998,77.895
