,background,hair,face,l_brow,r_brow,l_eye,r_eye,nose,mouth
sans,87.41,85.77499999999999,91.08749999999999,60.025000000000006,59.910000000000004,74.89,70.71749999999999,63.08250000000002,76.40749999999998
avec,87.37750000000001,87.08749999999998,91.2,60.647499999999994,60.3775,75.075,72.18499999999999,63.08750000000003,76.40249999999997
