,background,hair,face,l_brow,r_brow,l_eye,r_eye,nose,mouth
sans,83.9825,74.52000000000001,96.11750000000002,62.67249999999999,67.115,77.15249999999997,75.125,62.35500000000001,76.94
avec,83.9825,83.01249999999999,95.94750000000002,67.51499999999999,67.115,77.15249999999997,75.125,65.97000000000001,79.07249999999999
