,background,hair,face,l_brow,r_brow,l_eye,r_eye,nose,mouth
sans,87.66000000000001,80.4925,87.65750000000001,60.365,57.702500000000015,74.78499999999998,72.2975,64.15,75.17
avec,87.64499999999998,82.65750000000001,88.4775,60.41,57.77499999999999,74.78499999999998,72.295,64.185,77.4
