,background,hair,face,l_brow,r_brow,l_eye,r_eye,nose,mouth
sans,84.60000000000001,81.5027777777778,95.06666666666666,10.675,29.31111111111111,69.57777777777777,61.10277777777777,63.3222222222222,63.47777777777778
avec,84.60000000000001,93.56944444444444,95.44444444444444,38.58611111111111,67.87500000000001,76.40833333333332,70.15833333333332,66.14444444444442,64.0111111111111
