,background,hair,face,l_brow,r_brow,l_eye,r_eye,nose,mouth
sans,89.06666666666668,83.80555555555554,88.3138888888889,44.547222222222224,50.63333333333333,71.37222222222222,65.98055555555555,60.94166666666668,63.34166666666667
avec,87.86944444444443,86.42499999999998,88.42222222222223,50.51944444444444,53.44166666666667,71.88888888888889,66.47222222222224,61.07777777777779,63.991666666666674
