,background,hair,face,l_brow,r_brow,l_eye,r_eye,nose,mouth
sans,66.44999999999999,89.875,93.175,33.375,35.099999999999994,65.89999999999999,63.35000000000001,0.0,72.57499999999999
avec,66.44999999999999,96.35,93.175,62.625,58.349999999999994,76.7,72.2,0.0,72.57499999999999
