,background,hair,face,l_brow,r_brow,l_eye,r_eye,nose,mouth
sans,84.42500000000001,85.32499999999999,87.975,51.599999999999994,48.6,70.92500000000001,66.575,0.0,73.39999999999999
avec,84.42500000000001,85.35,87.975,51.925000000000004,48.800000000000004,70.925,66.625,0.0,73.425
