,background,hair,face,l_brow,r_brow,l_eye,r_eye,nose,mouth
sans,87.68750000000001,86.60250000000002,90.79500000000003,61.087500000000006,58.837500000000006,74.89500000000002,69.07000000000001,66.44500000000001,77.2575
avec,87.78000000000003,87.55750000000003,90.85500000000002,61.15000000000001,58.942499999999995,74.90000000000002,69.12750000000001,66.44500000000001,77.38749999999999
