,background,hair,face,l_brow,r_brow,l_eye,r_eye,nose,mouth
sans,83.9825,83.2925,95.24000000000001,63.99250000000001,68.15750000000001,77.41500000000002,67.46250000000002,69.62999999999998,79.6225
avec,83.9825,91.34999999999998,95.53250000000001,68.08250000000002,69.1275,77.35750000000002,71.4925,69.62999999999998,79.7025
