,background,hair,face,l_brow,r_brow,l_eye,r_eye,nose,mouth
sans,85.01578947368421,74.35526315789473,93.87368421052632,26.905263157894737,23.89473684210526,30.347368421052632,9.471052631578948,33.8657894736842,48.178947368421056
avec,85.01578947368421,76.36315789473684,94.18421052631578,61.99473684210526,64.22105263157891,64.6657894736842,58.96052631578947,67.71315789473685,73.77105263157893
