,background,hair,face,l_brow,r_brow,l_eye,r_eye,nose,mouth
sans,83.6842105263158,77.55263157894737,86.34473684210526,45.20526315789475,35.42894736842105,51.80526315789474,41.44736842105263,51.11315789473683,70.33421052631579
avec,84.0578947368421,79.19473684210524,86.94736842105263,55.889473684210515,53.72368421052631,62.142105263157895,58.71578947368421,63.87105263157894,73.14473684210526
