,background,hair,face,l_brow,r_brow,l_eye,r_eye,nose,mouth
sans,83.57179487179488,75.91794871794873,95.47435897435898,59.556410256410224,54.00256410256411,70.23846153846154,69.96666666666665,65.07435897435896,73.84871794871795
avec,83.57179487179488,87.86666666666667,95.39999999999998,61.43076923076922,67.59230769230767,71.97948717948717,70.29743589743589,66.67179487179486,73.84871794871795
