,background,hair,face,l_brow,r_brow,l_eye,r_eye,nose,mouth
sans,86.45384615384614,83.06666666666668,89.32307692307691,52.77692307692307,54.09999999999999,65.93076923076922,67.66153846153847,63.112820512820534,73.8923076923077
avec,87.1974358974359,85.35128205128206,89.75128205128205,54.123076923076916,54.88717948717947,67.96666666666667,67.71282051282051,63.39230769230772,73.8974358974359
