,background,hair,face,l_brow,r_brow,l_eye,r_eye,nose,mouth
sans,79.20869565217392,85.4391304347826,93.63043478260869,4.243478260869565,2.2217391304347824,10.126086956521737,27.547826086956523,1.5913043478260867,74.7304347826087
avec,79.20869565217392,86.6391304347826,93.07826086956523,29.508695652173913,15.308695652173911,57.54347826086956,67.55652173913043,7.969565217391304,72.86086956521739
