,background,hair,face,l_brow,r_brow,l_eye,r_eye,nose,mouth
sans,88.27391304347825,84.15652173913044,81.32608695652175,49.46521739130435,15.552173913043477,57.01304347826087,67.24782608695651,1.7043478260869562,74.40434782608696
avec,88.44782608695651,83.43478260869566,81.6,37.76086956521739,23.217391304347824,57.47826086956522,67.4695652173913,19.265217391304347,73.35652173913043
