,background,hair,face,l_brow,r_brow,l_eye,r_eye,nose,mouth
sans,87.6275,85.96500000000002,91.28500000000001,60.46750000000001,60.355,77.11999999999999,70.39000000000001,66.63250000000001,77.46249999999998
avec,87.88000000000001,87.24250000000002,91.34000000000002,60.54500000000001,60.640000000000015,77.16499999999998,70.39000000000001,66.64750000000001,77.48249999999999
