,background,hair,face,l_brow,r_brow,l_eye,r_eye,nose,mouth
sans,83.9825,81.00750000000002,96.08250000000002,64.83499999999998,66.23249999999999,74.0575,71.88000000000001,68.88,77.485
avec,83.9825,90.7125,96.08250000000002,67.38499999999999,69.9225,80.06750000000002,71.88000000000001,70.0825,78.7925
