,background,hair,face,l_brow,r_brow,l_eye,r_eye,nose,mouth
sans,87.17750000000001,85.7075,91.34,59.64750000000001,61.33000000000001,75.62500000000003,71.505,67.36999999999999,77.56249999999999
avec,87.48250000000002,86.99999999999999,91.48500000000001,59.88249999999999,61.40500000000001,75.62500000000003,71.5675,67.36999999999999,77.6925
