,background,hair,face,l_brow,r_brow,l_eye,r_eye,nose,mouth
sans,83.9825,79.23,95.82500000000003,64.855,66.57999999999998,78.27249999999998,72.68499999999999,70.435,79.0625
avec,83.9825,91.015,95.81250000000003,66.6275,69.49,78.27249999999998,74.095,70.435,78.9625
