,background,hair,face,l_brow,r_brow,l_eye,r_eye,nose,mouth
sans,85.99333333333334,83.80666666666666,95.29333333333332,11.383333333333335,14.179999999999994,16.346666666666664,7.606666666666667,65.34333333333333,53.85
avec,82.80333333333334,95.26333333333334,95.92333333333335,56.64666666666666,69.11,77.17,64.83333333333333,67.59333333333333,72.81000000000002
