,background,hair,face,l_brow,r_brow,l_eye,r_eye,nose,mouth
sans,85.53,85.32333333333334,90.45333333333333,35.41,52.18999999999999,70.07333333333332,44.366666666666674,59.44666666666665,72.84333333333332
avec,83.11999999999999,85.95666666666665,90.49999999999999,49.11666666666667,58.023333333333326,73.32333333333334,66.2633333333333,61.41333333333331,74.57666666666665
