,background,hair,face,l_brow,r_brow,l_eye,r_eye,nose,mouth
sans,87.7625,77.895,85.67000000000002,57.359999999999985,53.725000000000016,73.85000000000001,68.8575,63.01750000000001,75.2425
avec,86.17500000000003,79.39999999999998,85.96499999999999,58.88499999999999,55.245000000000005,73.86000000000001,69.61500000000001,63.81999999999999,75.8625
