,background,hair,face,l_brow,r_brow,l_eye,r_eye,nose,mouth
sans,83.9825,74.50000000000001,93.35750000000002,52.13249999999999,61.61249999999999,72.96500000000002,69.33750000000002,65.11749999999999,73.6075
avec,81.495,75.64750000000002,93.61750000000002,68.84250000000002,64.90000000000002,76.5075,72.6725,67.11999999999999,77.31750000000001
