,background,hair,face,l_brow,r_brow,l_eye,r_eye,nose,mouth
sans,87.75500000000001,86.58000000000003,91.22250000000001,59.88249999999999,56.097500000000004,75.72250000000001,71.19,64.97749999999999,77.02000000000004
avec,88.04250000000002,87.75500000000001,91.31,61.037499999999994,57.43500000000002,75.72250000000001,71.2875,65.39,76.95250000000004
