,background,hair,face,l_brow,r_brow,l_eye,r_eye,nose,mouth
sans,83.9825,77.51,95.8825,43.402499999999996,66.3625,78.055,70.24,63.9275,78.11000000000001
avec,83.9825,91.38750000000003,95.8825,69.025,67.13250000000001,78.055,73.71749999999999,69.46000000000001,77.995
