,background,hair,face,l_brow,r_brow,l_eye,r_eye,nose,mouth
sans,83.9825,84.925,94.96,65.18750000000003,59.332499999999996,74.39250000000001,74.06250000000001,68.725,78.04249999999999
avec,83.9825,92.11249999999998,94.96,65.91250000000001,69.865,78.25750000000002,75.27750000000002,68.725,78.04249999999999
