,background,hair,face,l_brow,r_brow,l_eye,r_eye,nose,mouth
sans,86.4375,87.1075,90.93249999999999,56.62499999999999,59.959999999999994,75.5125,72.75,65.1125,74.345
avec,86.64249999999998,87.78999999999999,90.94749999999999,59.7225,61.5325,75.87249999999999,72.915,65.1125,74.345
