,background,hair,face,l_brow,r_brow,l_eye,r_eye,nose,mouth
sans,83.9825,74.73750000000001,95.4075,25.79,60.745000000000005,76.8775,70.64499999999998,63.794999999999995,65.23500000000001
avec,83.9825,91.78,96.3025,63.09,62.33000000000001,76.8775,72.105,64.485,70.20000000000002
