,background,hair,face,l_brow,r_brow,l_eye,r_eye,nose,mouth
sans,85.46500000000003,84.60500000000002,90.56,56.3275,54.35000000000002,74.4525,70.54,59.974999999999994,71.80499999999999
avec,85.62250000000002,86.3675,90.825,57.7425,55.83250000000002,74.59750000000001,70.38500000000002,61.4675,72.95249999999999
