,background,hair,face,l_brow,r_brow,l_eye,r_eye,nose,mouth
sans,87.73750000000001,86.8375,91.86000000000001,57.5625,59.91750000000001,76.065,73.67999999999998,65.72250000000001,77.54999999999998
avec,87.99000000000001,87.68,91.85499999999999,58.435,60.46750000000001,76.3475,73.865,65.72250000000001,77.54999999999998
