,background,hair,face,l_brow,r_brow,l_eye,r_eye,nose,mouth
sans,83.9825,79.26499999999999,96.4,64.3525,60.647500000000015,78.1075,74.37750000000001,68.84,78.16500000000002
avec,83.9825,89.25249999999998,96.4,65.045,65.92750000000002,78.1075,75.46500000000002,68.84,78.16500000000002
