,background,hair,face,l_brow,r_brow,l_eye,r_eye,nose,mouth
sans,86.15652173913045,83.64782608695653,83.00434782608697,38.782608695652165,38.21739130434782,47.908695652173904,57.273913043478245,56.66956521739129,69.21739130434783
avec,86.85217391304349,84.8,83.40000000000003,44.27826086956522,43.74347826086956,56.07391304347827,55.84347826086956,55.24347826086956,69.03478260869565
