,background,hair,face,l_brow,r_brow,l_eye,r_eye,nose,mouth
sans,75.45652173913044,86.73478260869565,93.61304347826086,3.6434782608695655,5.626086956521739,5.469565217391304,24.743478260869566,46.95652173913043,58.93043478260872
avec,75.45652173913044,88.98695652173912,94.36521739130433,32.82173913043478,37.13043478260869,57.59130434782609,57.026086956521745,54.65217391304348,70.59565217391305
