,background,hair,face,l_brow,r_brow,l_eye,r_eye,nose,mouth
sans,83.9825,82.30499999999999,96.16000000000001,63.3725,57.765000000000015,73.685,75.9375,64.57000000000001,74.515
avec,83.64,90.33500000000001,96.16000000000001,66.34750000000001,68.47250000000001,76.03750000000001,75.9375,67.39999999999999,76.30749999999999
