,background,hair,face,l_brow,r_brow,l_eye,r_eye,nose,mouth
sans,87.57999999999998,86.95500000000003,91.25000000000001,59.61250000000001,59.64250000000001,73.87499999999999,72.7975,65.28750000000001,75.67999999999999
avec,86.33,87.93000000000002,91.26500000000003,59.70750000000002,60.065,74.48749999999998,72.7975,65.325,75.685
