,background,hair,face,l_brow,r_brow,l_eye,r_eye,nose,mouth
sans,83.9825,78.92250000000001,95.3275,66.78,64.00999999999999,76.315,76.13999999999999,66.43499999999999,77.57750000000001
avec,83.64,89.70499999999998,95.135,68.1275,68.125,78.64750000000001,76.14999999999999,68.45249999999999,79.31750000000001
