,background,hair,face,l_brow,r_brow,l_eye,r_eye,nose,mouth
sans,86.1075,85.1275,89.905,60.97,58.9925,75.67999999999998,73.30499999999999,65.07499999999997,77.7425
avec,85.18,86.40749999999997,90.12000000000002,61.389999999999986,59.24,75.69999999999997,73.28749999999998,65.19999999999997,77.7675
