,background,hair,face,l_brow,r_brow,l_eye,r_eye,nose,mouth
sans,85.39999999999999,75.73076923076924,94.53846153846153,52.3948717948718,41.761538461538464,77.6974358974359,66.61025641025641,63.83333333333334,70.58205128205128
avec,85.39999999999999,85.99743589743589,94.44871794871794,65.25128205128206,66.23589743589744,78.4948717948718,74.93333333333335,68.46410256410257,74.65897435897436
