,background,hair,face,l_brow,r_brow,l_eye,r_eye,nose,mouth
sans,86.02051282051279,84.86153846153847,90.9,54.610256410256405,54.205128205128204,73.45897435897437,72.41794871794872,65.93076923076922,75.40512820512822
avec,86.6923076923077,86.88461538461542,90.9769230769231,59.8948717948718,57.87692307692309,74.49487179487183,72.45384615384614,66.05384615384614,75.63076923076925
