,background,hair,face,l_brow,r_brow,l_eye,r_eye,nose,mouth
sans,83.9825,76.74749999999999,93.35249999999999,65.91000000000001,63.54500000000001,75.55999999999999,75.185,65.81,77.91750000000002
avec,83.9825,92.105,93.35249999999999,65.91000000000001,64.77250000000001,77.115,76.325,67.295,77.84
