,background,hair,face,l_brow,r_brow,l_eye,r_eye,nose,mouth
sans,87.0125,87.20750000000004,91.45000000000002,58.83999999999999,56.345,75.24749999999997,73.24249999999999,65.21000000000002,75.94000000000001
avec,86.99000000000001,88.14250000000001,91.45750000000001,58.93749999999999,56.465,75.43499999999997,73.33749999999999,65.28750000000001,76.18
