,background,hair,face,l_brow,r_brow,l_eye,r_eye,nose,mouth
sans,86.1,87.15,88.4,1.1,23.6,48.2,65.65,56.099999999999994,79.94999999999999
avec,86.1,87.1,88.45,61.25,47.05,62.650000000000006,69.15,57.65,80.75
