,background,hair,face,l_brow,r_brow,l_eye,r_eye,nose,mouth
sans,79.7,97.75,90.45,10.95,16.45,12.049999999999999,10.6,41.7,66.5
avec,79.7,97.75,96.65,74.55,72.5,64.55,74.05000000000001,62.599999999999994,89.4
