,background,hair,face,l_brow,r_brow,l_eye,r_eye,nose,mouth
sans,86.31081081081082,74.33243243243247,90.67567567567568,7.024324324324327,19.645945945945947,57.7756756756757,36.86486486486488,64.0891891891892,30.786486486486485
avec,86.31081081081082,91.01351351351353,95.09189189189192,57.667567567567566,34.99729729729731,73.32162162162163,42.19729729729729,63.93243243243245,73.0945945945946
