,background,hair,face,l_brow,r_brow,l_eye,r_eye,nose,mouth
sans,84.80540540540541,81.91351351351351,87.81081081081085,39.14054054054055,18.564864864864862,69.2783783783784,28.41351351351352,61.95405405405406,64.25135135135136
avec,85.5891891891892,85.47567567567567,88.02702702702706,42.464864864864865,31.051351351351357,69.53783783783784,32.94324324324324,61.929729729729736,70.74594594594598
