,background,hair,face,l_brow,r_brow,l_eye,r_eye,nose,mouth
sans,87.805,87.41999999999999,91.88749999999999,61.76249999999999,61.460000000000015,75.7575,73.895,64.99750000000002,78.45500000000001
avec,86.21000000000001,88.11749999999998,91.815,62.47749999999999,62.577500000000015,76.07249999999999,73.8975,65.00000000000003,78.45500000000001
