,background,hair,face,l_brow,r_brow,l_eye,r_eye,nose,mouth
sans,83.9825,83.49499999999998,95.765,62.8675,63.42000000000001,78.4025,76.51750000000003,68.16999999999999,80.39500000000002
avec,84.0275,89.08250000000001,95.765,69.2375,69.90500000000002,78.82000000000001,76.51750000000003,68.19249999999998,80.34500000000003
