,background,hair,face,l_brow,r_brow,l_eye,r_eye,nose,mouth
sans,83.9825,79.71,96.61,68.0475,68.57000000000001,77.94250000000001,67.90000000000002,64.50000000000003,79.60999999999999
avec,83.64,90.66250000000002,96.61,68.4275,69.75250000000001,77.94250000000001,73.95250000000001,64.52000000000002,79.60999999999999
