,background,hair,face,l_brow,r_brow,l_eye,r_eye,nose,mouth
sans,87.10499999999999,87.27999999999999,91.4125,57.83250000000001,60.922500000000014,75.4575,71.6125,63.702499999999986,78.23000000000002
avec,85.64500000000001,87.845,91.42,60.56750000000001,61.022500000000015,75.4575,72.145,63.69249999999999,78.23000000000002
