,background,hair,face,l_brow,r_brow,l_eye,r_eye,nose,mouth
sans,82.00526315789473,80.26315789473684,92.43157894736844,17.09473684210526,32.163157894736834,8.742105263157894,61.663157894736834,29.4,65.77368421052631
avec,82.00526315789473,94.51052631578948,92.56315789473683,54.699999999999996,64.68421052631578,70.77894736842104,74.40526315789475,39.9421052631579,68.26842105263157
