,background,hair,face,l_brow,r_brow,l_eye,r_eye,nose,mouth
sans,86.12631578947368,83.46842105263157,88.81052631578947,44.78947368421051,47.70526315789473,57.37368421052632,69.73684210526316,21.405263157894733,67.38947368421051
avec,86.41052631578947,84.69999999999997,88.58947368421052,50.97894736842105,54.71578947368422,67.32631578947368,71.08947368421052,29.047368421052628,69.04736842105262
