,background,hair,face,l_brow,r_brow,l_eye,r_eye,nose,mouth
sans,85.91250000000002,86.75250000000001,90.77749999999997,60.04750000000001,56.91750000000001,73.85999999999999,72.355,64.64750000000001,76.69749999999998
avec,85.54000000000002,88.01000000000002,90.9325,60.309999999999995,57.987500000000004,73.94999999999999,72.46250000000002,64.655,76.83249999999998
