,background,hair,face,l_brow,r_brow,l_eye,r_eye,nose,mouth
sans,83.9825,75.215,96.045,63.87250000000002,60.61999999999998,72.70750000000001,75.32250000000002,66.07,75.61749999999998
avec,83.64,90.8975,96.045,66.34000000000002,66.00249999999998,76.8375,75.45750000000002,67.52749999999999,75.72999999999998
