,background,hair,face,l_brow,r_brow,l_eye,r_eye,nose,mouth
sans,85.19750000000002,83.16499999999999,88.6375,49.595000000000006,55.55500000000001,69.93750000000003,70.175,62.670000000000016,73.90250000000002
avec,83.76000000000002,83.775,89.16750000000002,55.40499999999999,56.537500000000016,70.42,69.4625,63.107500000000016,75.4875
