,background,hair,face,l_brow,r_brow,l_eye,r_eye,nose,mouth
sans,83.9825,74.7025,95.06500000000003,25.7375,53.809999999999995,55.48500000000001,70.415,66.7875,76.3625
avec,81.4925,87.63,95.29000000000002,63.13499999999997,68.10000000000001,73.19250000000002,72.79249999999999,66.92999999999999,77.04249999999999
