,background,hair,face,l_brow,r_brow,l_eye,r_eye,nose,mouth
sans,83.9825,77.39500000000001,96.42749999999998,52.5375,62.12,78.05499999999999,73.71000000000002,66.2925,72.57
avec,83.9825,89.70500000000003,96.35249999999998,62.24,62.49000000000001,78.05499999999999,73.71000000000002,66.2925,72.57
