,background,hair,face,l_brow,r_brow,l_eye,r_eye,nose,mouth
sans,86.7425,84.84499999999997,90.69250000000001,56.23500000000001,51.07250000000001,76.01499999999999,73.17000000000002,62.610000000000014,72.37249999999999
avec,87.39500000000001,86.3975,90.84,56.487500000000004,51.7,75.99499999999999,73.17000000000002,62.610000000000014,72.37249999999999
