,background,hair,face,l_brow,r_brow,l_eye,r_eye,nose,mouth
sans,83.9825,78.045,95.34999999999998,66.1675,53.130000000000024,73.1325,67.8375,67.2825,77.3175
avec,83.64,90.835,95.34999999999998,69.4875,69.49,74.36999999999999,71.5325,68.80499999999999,77.785
