,background,hair,face,l_brow,r_brow,l_eye,r_eye,nose,mouth
sans,84.99000000000001,83.91250000000001,88.59499999999998,58.0525,58.07000000000001,71.27250000000002,67.28750000000001,64.8425,75.77250000000001
avec,84.25,85.45500000000001,88.8725,60.03999999999999,59.38250000000003,71.34750000000001,67.555,64.89,76.01000000000002
