,background,hair,face,l_brow,r_brow,l_eye,r_eye,nose,mouth
sans,83.9825,79.115,96.09500000000001,65.61,66.43749999999999,75.42000000000002,75.5225,69.86000000000003,76.8075
avec,83.64,88.90999999999997,96.00000000000001,70.3875,68.1775,77.27000000000002,75.45249999999999,69.86000000000003,78.3175
