,background,hair,face,l_brow,r_brow,l_eye,r_eye,nose,mouth
sans,87.58499999999998,87.3725,91.29750000000001,61.590000000000046,59.077500000000015,74.89000000000001,71.65,66.52000000000002,76.37999999999998
avec,86.07499999999999,87.80000000000004,91.28250000000001,61.910000000000025,59.64250000000002,74.94750000000002,71.59250000000002,66.52000000000002,76.41499999999999
