,background,hair,face,l_brow,r_brow,l_eye,r_eye,nose,mouth
sans,83.9825,77.435,94.74750000000002,60.68250000000002,51.285000000000004,73.41000000000001,72.45250000000001,66.89000000000001,77.83749999999998
avec,83.9825,90.11500000000001,95.09750000000003,65.75000000000001,67.5425,75.96500000000002,72.43,68.28500000000001,77.6125
