,background,hair,face,l_brow,r_brow,l_eye,r_eye,nose,mouth
sans,86.32999999999997,85.42250000000001,90.59750000000003,54.982500000000016,56.45500000000002,72.89749999999998,68.77500000000002,65.4475,75.90249999999997
avec,86.88,87.08749999999999,90.81000000000002,58.66250000000002,58.85999999999999,72.97249999999998,68.98500000000003,65.4525,76.08999999999999
