,background,hair,face,l_brow,r_brow,l_eye,r_eye,nose,mouth
sans,83.9825,83.51750000000003,96.02750000000003,61.747499999999995,67.525,78.66500000000002,76.2575,69.49000000000001,77.79500000000002
avec,83.9825,90.995,96.02750000000003,65.0875,68.5025,78.66500000000002,76.2575,69.49000000000001,77.79500000000002
