,background,hair,face,l_brow,r_brow,l_eye,r_eye,nose,mouth
sans,88.02,87.03499999999998,91.43,58.817499999999995,58.53,76.11749999999999,72.77750000000002,65.74249999999999,76.625
avec,87.6225,88.31,91.44749999999999,59.19749999999999,59.12,76.11749999999999,72.77750000000002,65.74249999999999,76.625
