,background,hair,face,l_brow,r_brow,l_eye,r_eye,nose,mouth
sans,83.9825,82.52000000000002,96.14999999999998,66.25999999999999,63.567499999999995,73.95000000000002,75.0925,69.0475,78.22500000000001
avec,83.9825,92.4425,96.09499999999997,66.49749999999999,68.30999999999999,79.35750000000002,75.17,70.4,78.85000000000001
