,background,hair,face,l_brow,r_brow,l_eye,r_eye,nose,mouth
sans,88.03000000000002,88.18750000000001,91.91749999999999,61.785,60.460000000000015,76.93749999999999,72.81999999999998,67.33000000000001,77.19500000000001
avec,88.02500000000003,88.86749999999999,91.78500000000001,62.05749999999998,60.71500000000001,76.97499999999998,72.82749999999997,67.32250000000002,77.1975
