,background,hair,face,l_brow,r_brow,l_eye,r_eye,nose,mouth
sans,77.95588235294119,75.39705882352938,88.95882352941173,54.27941176470589,51.2,73.2,68.98235294117646,52.91764705882353,59.685294117647054
avec,77.03235294117648,77.81764705882352,89.08529411764705,56.63235294117647,54.01470588235294,74.16176470588235,69.72352941176469,53.17941176470589,59.741176470588236
