,background,hair,face,l_brow,r_brow,l_eye,r_eye,nose,mouth
sans,84.88823529411764,73.4235294117647,90.47647058823532,45.23823529411766,37.92941176470588,59.20000000000001,66.49411764705884,61.53235294117647,60.38235294117647
avec,84.88823529411764,91.67058823529415,94.0029411764706,59.805882352941175,58.73823529411764,75.52941176470588,71.22941176470589,62.06470588235293,60.38235294117647
