,background,hair,face,l_brow,r_brow,l_eye,r_eye,nose,mouth
sans,83.51034482758621,77.59310344827587,95.97241379310343,19.693103448275856,4.8931034482758635,10.934482758620693,18.200000000000003,60.755172413793105,63.36206896551723
avec,83.51034482758621,91.9,95.81724137931032,60.62068965517242,50.50689655172415,72.97241379310343,65.15862068965518,66.43448275862069,72.96896551724137
