,background,hair,face,l_brow,r_brow,l_eye,r_eye,nose,mouth
sans,85.73793103448276,80.71379310344827,87.01379310344828,38.424137931034494,40.88620689655173,62.61034482758622,60.49655172413793,62.20344827586207,67.95517241379311
avec,85.74827586206897,85.68965517241378,87.2896551724138,53.95172413793102,45.80344827586209,72.6793103448276,62.89310344827586,62.74827586206897,70.20344827586207
