,background,hair,face,l_brow,r_brow,l_eye,r_eye,nose,mouth
sans,85.88888888888889,83.67037037037039,87.3814814814815,52.255555555555546,34.47777777777777,66.28888888888889,70.42962962962962,62.19259259259258,71.83703703703704
avec,86.46666666666665,85.73333333333333,87.52592592592593,54.344444444444434,37.58148148148148,71.16296296296298,72.04444444444442,62.32962962962962,72.69629629629628
