,background,hair,face,l_brow,r_brow,l_eye,r_eye,nose,mouth
sans,85.32592592592593,77.58518518518518,92.05925925925925,52.0074074074074,30.429629629629616,63.0,34.93333333333334,67.4148148148148,73.66296296296296
avec,85.32592592592593,90.4074074074074,93.95185185185186,59.47777777777776,43.670370370370364,75.58888888888887,73.42962962962962,67.4148148148148,76.48148148148148
