,background,hair,face,l_brow,r_brow,l_eye,r_eye,nose,mouth
sans,83.9825,74.53750000000001,95.775,66.66250000000001,59.462500000000006,78.0225,75.09250000000002,64.8975,79.8175
avec,83.9825,84.85249999999999,96.07,66.75250000000001,69.17250000000001,78.755,75.0425,67.5075,79.86999999999999
