,background,hair,face,l_brow,r_brow,l_eye,r_eye,nose,mouth
sans,88.51999999999998,85.935,91.04000000000002,60.78000000000002,56.77500000000001,75.53999999999999,72.8275,64.69,77.94749999999999
avec,88.27749999999997,86.77,91.06250000000003,61.68000000000001,57.48000000000001,75.56749999999998,72.84,64.73,77.97249999999998
