,background,hair,face,l_brow,r_brow,l_eye,r_eye,nose,mouth
sans,83.9825,74.40750000000001,92.25750000000001,47.542500000000004,45.087500000000006,67.66500000000002,68.345,47.14500000000001,75.32000000000002
avec,83.9825,75.75750000000001,92.25750000000001,63.282500000000006,56.70250000000002,67.66500000000002,68.49999999999999,63.20750000000002,75.32500000000002
