,background,hair,face,l_brow,r_brow,l_eye,r_eye,nose,mouth
sans,86.39250000000001,78.37250000000003,85.2525,47.07000000000001,41.527499999999996,64.23500000000001,65.5575,58.88500000000002,74.77
avec,86.38750000000002,78.94750000000002,85.46,52.4675,44.442499999999995,64.23500000000001,65.79,59.840000000000025,74.76249999999999
