,background,hair,face,l_brow,r_brow,l_eye,r_eye,nose,mouth
sans,83.9825,79.56750000000002,95.36250000000003,56.65499999999999,66.835,75.72749999999998,73.37,61.317499999999995,77.6775
avec,83.64,90.46750000000002,95.36250000000003,67.7275,68.235,79.16749999999999,74.42,68.175,77.5425
