,background,hair,face,l_brow,r_brow,l_eye,r_eye,nose,mouth
sans,86.25999999999999,85.5325,90.96499999999997,61.85250000000001,60.250000000000014,76.2925,71.7,66.795,76.495
avec,86.18,86.98,91.21,62.54750000000004,60.345000000000006,76.72500000000001,72.875,67.1225,76.47250000000001
