,background,hair,face,l_brow,r_brow,l_eye,r_eye,nose,mouth
sans,84.97250000000003,85.0725,90.60500000000002,61.2,59.572500000000005,74.67999999999998,72.5325,64.67750000000002,74.44500000000002
avec,85.23250000000002,87.02249999999998,90.85500000000002,61.85500000000001,59.90000000000001,74.93249999999999,72.59999999999998,65.51250000000002,74.83750000000002
