,background,hair,face,l_brow,r_brow,l_eye,r_eye,nose,mouth
sans,83.9825,77.2825,95.46000000000002,63.21000000000001,65.40749999999998,69.87000000000002,75.07500000000002,67.95750000000002,71.675
avec,83.64,90.75750000000002,95.46000000000002,69.07000000000001,67.8775,77.06250000000004,74.94500000000001,67.89500000000002,72.885
